Seller,Shipper,Condition,Price,Delivery,Fastest Delivery,Seller Page,Product Name,Product Category 1,Product Category 2,Timestamp,Merchant ID,ASIN,Seller Profile,Positive 30 days,Positive 90 days,Positive 12 months,Lifetime,Total ratings,Buy Box Placement
Desetin,Amazon.com,New,$35.99,"FREE delivery: Wednesday, June 30 Details","Fastest delivery: Sunday, June 27 Order within 3 hrs and 22 mins Details",https://www.amazon.com/gp/aag/main?ie=UTF8&seller=A3RX0V7R69HJ3V&isAmazonFulfilled=1&asin=B07RGZ5NKS&ref_=olp_merch_name_0,TOZO T6 True Wireless Earbuds Bluetooth Headphones Touch Control with Wireless Charging Case IPX8 Waterproof Stereo Earphones in-Ear Built-in Mic Headset Premium Deep Bass for Sport Black,Electronics,Accessories & Supplies,2021-06-24 20:38:03,A3RX0V7R69HJ3V,B07RGZ5NKS,"Shen zhen shi Deshiqin keji youxian gongsi B409, 201 Building, Tairan Industry Park Chegongmiao, Shennan Road Shenzhen Guangdong 518048 CN",98%,98%,98%,98%,"9,734",True
Hibeau,Amazon.com,New,$35.99,"FREE delivery: Wednesday, June 30 Details",,https://www.amazon.com/gp/aag/main?ie=UTF8&seller=A3S1Z73YSTMCVX&isAmazonFulfilled=1&asin=B07RGZ5NKS&ref_=olp_merch_name_3,TOZO T6 True Wireless Earbuds Bluetooth Headphones Touch Control with Wireless Charging Case IPX8 Waterproof Stereo Earphones in-Ear Built-in Mic Headset Premium Deep Bass for Sport Black,Electronics,Accessories & Supplies,2021-06-24 20:38:03,A3S1Z73YSTMCVX,B07RGZ5NKS,Hibeau longgangqu pinghujiedao Bainikeng Shequ Xinlisanlu 12hao Shenzhen Guangdong 518111 CN,96%,98%,99%,98%,"4,472",False
Ilike,Amazon.com,New,$35.99,"FREE delivery: Wednesday, June 30 Details",Fastest delivery: Tomorrow Order within 22 mins Details,https://www.amazon.com/gp/aag/main?ie=UTF8&seller=A2PVRGCJFM6NRZ&isAmazonFulfilled=1&asin=B07RGZ5NKS&ref_=olp_merch_name_4,TOZO T6 True Wireless Earbuds Bluetooth Headphones Touch Control with Wireless Charging Case IPX8 Waterproof Stereo Earphones in-Ear Built-in Mic Headset Premium Deep Bass for Sport Black,Electronics,Accessories & Supplies,2021-06-24 20:38:03,A2PVRGCJFM6NRZ,B07RGZ5NKS,zheng liang guang dian ke ji you xian gong si bai yun qu ren he zhen xi hu cun xi hu xi jie 227 hao Guangzhoushi Guangdongsheng 510000 CN,98%,99%,99%,99%,"7,667",False
Accumie,Amazon.com,New,$35.99,"FREE delivery: Wednesday, June 30 Details","Fastest delivery: Monday, June 28 Order within 3 hrs and 22 mins Details",https://www.amazon.com/gp/aag/main?ie=UTF8&seller=AYH8Z5HA6A4AQ&isAmazonFulfilled=1&asin=B07RGZ5NKS&ref_=olp_merch_name_5,TOZO T6 True Wireless Earbuds Bluetooth Headphones Touch Control with Wireless Charging Case IPX8 Waterproof Stereo Earphones in-Ear Built-in Mic Headset Premium Deep Bass for Sport Black,Electronics,Accessories & Supplies,2021-06-24 20:38:03,AYH8Z5HA6A4AQ,B07RGZ5NKS,"Shen Zhen Ai Ke Mei Ke Ji You Xian Gong Si 135 hao, bao an qu xi xiang jie dao qian jin er lu Shenzhenshi Guandongsheng 518000 CN",98%,99%,99%,98%,"3,122",False
Hibeau,Amazon.com,New,$35.99,"FREE delivery: Wednesday, June 30 Details","Fastest delivery: Sunday, June 27 Order within 3 hrs and 22 mins Details",https://www.amazon.com/gp/aag/main?ie=UTF8&seller=A3S1Z73YSTMCVX&isAmazonFulfilled=1&asin=B07RGZ5NKS&ref_=olp_merch_name_6,TOZO T6 True Wireless Earbuds Bluetooth Headphones Touch Control with Wireless Charging Case IPX8 Waterproof Stereo Earphones in-Ear Built-in Mic Headset Premium Deep Bass for Sport Black,Electronics,Accessories & Supplies,2021-06-24 20:38:03,A3S1Z73YSTMCVX,B07RGZ5NKS,Hibeau longgangqu pinghujiedao Bainikeng Shequ Xinlisanlu 12hao Shenzhen Guangdong 518111 CN,96%,98%,99%,98%,"4,472",False
TOZO STORE,Amazon.com,New,$35.99,"FREE delivery: Wednesday, June 30 Details","Fastest delivery: Sunday, June 27 Order within 3 hrs and 22 mins Details",https://www.amazon.com/gp/aag/main?ie=UTF8&seller=A28TBB3WNHMFPN&isAmazonFulfilled=1&asin=B07RGZ5NKS&ref_=olp_merch_name_7,TOZO T6 True Wireless Earbuds Bluetooth Headphones Touch Control with Wireless Charging Case IPX8 Waterproof Stereo Earphones in-Ear Built-in Mic Headset Premium Deep Bass for Sport Black,Electronics,Accessories & Supplies,2021-06-24 20:38:03,A28TBB3WNHMFPN,B07RGZ5NKS,Shenzhen Taozhi Keji Youxian Gongsi Xinanjiedao Dalangshequ Chuangyeerlu 23qu Donglianda A406 Shenzhen Guangdong 518101 CN,95%,97%,98%,98%,"7,109",False
Desetin,Amazon.com,New,$35.99,"FREE delivery: Wednesday, June 30 Details","Fastest delivery: Sunday, June 27 Order within 3 hrs and 22 mins Details",https://www.amazon.com/gp/aag/main?ie=UTF8&seller=A3RX0V7R69HJ3V&isAmazonFulfilled=1&asin=B07RGZ5NKS&ref_=olp_merch_name_8,TOZO T6 True Wireless Earbuds Bluetooth Headphones Touch Control with Wireless Charging Case IPX8 Waterproof Stereo Earphones in-Ear Built-in Mic Headset Premium Deep Bass for Sport Black,Electronics,Accessories & Supplies,2021-06-24 20:38:03,A3RX0V7R69HJ3V,B07RGZ5NKS,"Shen zhen shi Deshiqin keji youxian gongsi B409, 201 Building, Tairan Industry Park Chegongmiao, Shennan Road Shenzhen Guangdong 518048 CN",98%,98%,98%,98%,"9,734",False
Hibeau,Amazon.com,New,$35.99,"FREE delivery: Friday, July 2 Details",,https://www.amazon.com/gp/aag/main?ie=UTF8&seller=A3S1Z73YSTMCVX&isAmazonFulfilled=1&asin=B07RGZ5NKS&ref_=olp_merch_name_9,TOZO T6 True Wireless Earbuds Bluetooth Headphones Touch Control with Wireless Charging Case IPX8 Waterproof Stereo Earphones in-Ear Built-in Mic Headset Premium Deep Bass for Sport Black,Electronics,Accessories & Supplies,2021-06-24 20:38:03,A3S1Z73YSTMCVX,B07RGZ5NKS,Hibeau longgangqu pinghujiedao Bainikeng Shequ Xinlisanlu 12hao Shenzhen Guangdong 518111 CN,96%,98%,99%,98%,"4,472",False
Worgo,Amazon.com,New,$36.99,"FREE delivery: Friday, July 2 Details",Fastest delivery: June 26 - 27,https://www.amazon.com/gp/aag/main?ie=UTF8&seller=A1B1TP8XQ7ZVJZ&isAmazonFulfilled=1&asin=B07RGZ5NKS&ref_=olp_merch_name_10,TOZO T6 True Wireless Earbuds Bluetooth Headphones Touch Control with Wireless Charging Case IPX8 Waterproof Stereo Earphones in-Ear Built-in Mic Headset Premium Deep Bass for Sport Black,Electronics,Accessories & Supplies,2021-06-24 20:38:03,A1B1TP8XQ7ZVJZ,B07RGZ5NKS,"BKC International Technology Limited No. 2103, Building 2 2-3 Qiaochenghaoyuan, Shahe, Nanshan Shenzhen Guangdong 518000 CN",97%,98%,99%,98%,"11,152",False
